model,roc_auc,f1,precision,recall,threshold,confusion_matrix
xgboost,0.778403246297609,0.33330530564197425,0.2860854503464203,0.39919436052366564,0.6775,"[[51592, 4946], [2983, 1982]]"
random_forest,0.7404255430947049,0.2914523634582415,0.24505766062602966,0.3595166163141994,0.16,"[[51039, 5499], [3180, 1785]]"
logistic_regression,0.7573419005734613,0.305073015433594,0.23239139603542808,0.44390735146022153,0.6506,"[[49258, 7280], [2761, 2204]]"
